"Month","Underlying cause of death (time series classification)","Males Deaths","Females Deaths"
"1971M01","50 Suicides (X60-X84, Y870)",44,12
"1971M02","50 Suicides (X60-X84, Y870)",45,16
"1971M03","50 Suicides (X60-X84, Y870)",56,7
"1971M04","50 Suicides (X60-X84, Y870)",66,19
"1971M05","50 Suicides (X60-X84, Y870)",77,27
"1971M06","50 Suicides (X60-X84, Y870)",91,22
"1971M07","50 Suicides (X60-X84, Y870)",85,19
"1971M08","50 Suicides (X60-X84, Y870)",76,23
"1971M09","50 Suicides (X60-X84, Y870)",66,22
"1971M10","50 Suicides (X60-X84, Y870)",63,18
"1971M11","50 Suicides (X60-X84, Y870)",56,14
"1971M12","50 Suicides (X60-X84, Y870)",56,23
"1972M01","50 Suicides (X60-X84, Y870)",67,20
"1972M02","50 Suicides (X60-X84, Y870)",63,23
"1972M03","50 Suicides (X60-X84, Y870)",70,19
"1972M04","50 Suicides (X60-X84, Y870)",68,16
"1972M05","50 Suicides (X60-X84, Y870)",77,19
"1972M06","50 Suicides (X60-X84, Y870)",102,26
"1972M07","50 Suicides (X60-X84, Y870)",88,21
"1972M08","50 Suicides (X60-X84, Y870)",74,15
"1972M09","50 Suicides (X60-X84, Y870)",67,19
"1972M10","50 Suicides (X60-X84, Y870)",63,20
"1972M11","50 Suicides (X60-X84, Y870)",69,16
"1972M12","50 Suicides (X60-X84, Y870)",66,25
"1973M01","50 Suicides (X60-X84, Y870)",72,17
"1973M02","50 Suicides (X60-X84, Y870)",54,18
"1973M03","50 Suicides (X60-X84, Y870)",74,16
"1973M04","50 Suicides (X60-X84, Y870)",64,25
"1973M05","50 Suicides (X60-X84, Y870)",72,24
"1973M06","50 Suicides (X60-X84, Y870)",66,23
"1973M07","50 Suicides (X60-X84, Y870)",85,25
"1973M08","50 Suicides (X60-X84, Y870)",78,27
"1973M09","50 Suicides (X60-X84, Y870)",75,16
"1973M10","50 Suicides (X60-X84, Y870)",71,30
"1973M11","50 Suicides (X60-X84, Y870)",75,11
"1973M12","50 Suicides (X60-X84, Y870)",63,17
"1974M01","50 Suicides (X60-X84, Y870)",65,15
"1974M02","50 Suicides (X60-X84, Y870)",49,18
"1974M03","50 Suicides (X60-X84, Y870)",82,17
"1974M04","50 Suicides (X60-X84, Y870)",75,25
"1974M05","50 Suicides (X60-X84, Y870)",96,20
"1974M06","50 Suicides (X60-X84, Y870)",103,25
"1974M07","50 Suicides (X60-X84, Y870)",80,22
"1974M08","50 Suicides (X60-X84, Y870)",79,20
"1974M09","50 Suicides (X60-X84, Y870)",71,20
"1974M10","50 Suicides (X60-X84, Y870)",75,29
"1974M11","50 Suicides (X60-X84, Y870)",63,20
"1974M12","50 Suicides (X60-X84, Y870)",83,24
"1975M01","50 Suicides (X60-X84, Y870)",66,23
"1975M02","50 Suicides (X60-X84, Y870)",58,15
"1975M03","50 Suicides (X60-X84, Y870)",72,17
"1975M04","50 Suicides (X60-X84, Y870)",86,25
"1975M05","50 Suicides (X60-X84, Y870)",97,26
"1975M06","50 Suicides (X60-X84, Y870)",72,25
"1975M07","50 Suicides (X60-X84, Y870)",84,23
"1975M08","50 Suicides (X60-X84, Y870)",91,23
"1975M09","50 Suicides (X60-X84, Y870)",79,19
"1975M10","50 Suicides (X60-X84, Y870)",62,28
"1975M11","50 Suicides (X60-X84, Y870)",75,16
"1975M12","50 Suicides (X60-X84, Y870)",82,14
"1976M01","50 Suicides (X60-X84, Y870)",67,17
"1976M02","50 Suicides (X60-X84, Y870)",53,14
"1976M03","50 Suicides (X60-X84, Y870)",89,28
"1976M04","50 Suicides (X60-X84, Y870)",93,20
"1976M05","50 Suicides (X60-X84, Y870)",97,26
"1976M06","50 Suicides (X60-X84, Y870)",103,20
"1976M07","50 Suicides (X60-X84, Y870)",86,18
"1976M08","50 Suicides (X60-X84, Y870)",91,19
"1976M09","50 Suicides (X60-X84, Y870)",73,18
"1976M10","50 Suicides (X60-X84, Y870)",79,28
"1976M11","50 Suicides (X60-X84, Y870)",68,27
"1976M12","50 Suicides (X60-X84, Y870)",68,18
"1977M01","50 Suicides (X60-X84, Y870)",86,18
"1977M02","50 Suicides (X60-X84, Y870)",54,12
"1977M03","50 Suicides (X60-X84, Y870)",79,25
"1977M04","50 Suicides (X60-X84, Y870)",71,20
"1977M05","50 Suicides (X60-X84, Y870)",84,27
"1977M06","50 Suicides (X60-X84, Y870)",93,21
"1977M07","50 Suicides (X60-X84, Y870)",73,18
"1977M08","50 Suicides (X60-X84, Y870)",92,21
"1977M09","50 Suicides (X60-X84, Y870)",102,30
"1977M10","50 Suicides (X60-X84, Y870)",66,21
"1977M11","50 Suicides (X60-X84, Y870)",87,18
"1977M12","50 Suicides (X60-X84, Y870)",75,27
"1978M01","50 Suicides (X60-X84, Y870)",71,15
"1978M02","50 Suicides (X60-X84, Y870)",61,15
"1978M03","50 Suicides (X60-X84, Y870)",82,21
"1978M04","50 Suicides (X60-X84, Y870)",93,16
"1978M05","50 Suicides (X60-X84, Y870)",87,22
"1978M06","50 Suicides (X60-X84, Y870)",76,27
"1978M07","50 Suicides (X60-X84, Y870)",109,23
"1978M08","50 Suicides (X60-X84, Y870)",98,18
"1978M09","50 Suicides (X60-X84, Y870)",85,25
"1978M10","50 Suicides (X60-X84, Y870)",86,18
"1978M11","50 Suicides (X60-X84, Y870)",57,20
"1978M12","50 Suicides (X60-X84, Y870)",58,17
"1979M01","50 Suicides (X60-X84, Y870)",63,14
"1979M02","50 Suicides (X60-X84, Y870)",56,13
"1979M03","50 Suicides (X60-X84, Y870)",70,19
"1979M04","50 Suicides (X60-X84, Y870)",69,17
"1979M05","50 Suicides (X60-X84, Y870)",100,26
"1979M06","50 Suicides (X60-X84, Y870)",91,37
"1979M07","50 Suicides (X60-X84, Y870)",88,23
"1979M08","50 Suicides (X60-X84, Y870)",77,24
"1979M09","50 Suicides (X60-X84, Y870)",91,17
"1979M10","50 Suicides (X60-X84, Y870)",68,20
"1979M11","50 Suicides (X60-X84, Y870)",75,21
"1979M12","50 Suicides (X60-X84, Y870)",88,11
"1980M01","50 Suicides (X60-X84, Y870)",68,18
"1980M02","50 Suicides (X60-X84, Y870)",69,18
"1980M03","50 Suicides (X60-X84, Y870)",81,21
"1980M04","50 Suicides (X60-X84, Y870)",75,24
"1980M05","50 Suicides (X60-X84, Y870)",104,31
"1980M06","50 Suicides (X60-X84, Y870)",92,26
"1980M07","50 Suicides (X60-X84, Y870)",77,18
"1980M08","50 Suicides (X60-X84, Y870)",92,26
"1980M09","50 Suicides (X60-X84, Y870)",69,23
"1980M10","50 Suicides (X60-X84, Y870)",82,22
"1980M11","50 Suicides (X60-X84, Y870)",69,20
"1980M12","50 Suicides (X60-X84, Y870)",84,17
"1981M01","50 Suicides (X60-X84, Y870)",78,12
"1981M02","50 Suicides (X60-X84, Y870)",58,9
"1981M03","50 Suicides (X60-X84, Y870)",73,23
"1981M04","50 Suicides (X60-X84, Y870)",94,15
"1981M05","50 Suicides (X60-X84, Y870)",90,27
"1981M06","50 Suicides (X60-X84, Y870)",80,22
"1981M07","50 Suicides (X60-X84, Y870)",91,21
"1981M08","50 Suicides (X60-X84, Y870)",60,23
"1981M09","50 Suicides (X60-X84, Y870)",81,26
"1981M10","50 Suicides (X60-X84, Y870)",62,24
"1981M11","50 Suicides (X60-X84, Y870)",69,19
"1981M12","50 Suicides (X60-X84, Y870)",68,18
"1982M01","50 Suicides (X60-X84, Y870)",61,20
"1982M02","50 Suicides (X60-X84, Y870)",62,15
"1982M03","50 Suicides (X60-X84, Y870)",66,23
"1982M04","50 Suicides (X60-X84, Y870)",87,21
"1982M05","50 Suicides (X60-X84, Y870)",90,24
"1982M06","50 Suicides (X60-X84, Y870)",77,22
"1982M07","50 Suicides (X60-X84, Y870)",81,29
"1982M08","50 Suicides (X60-X84, Y870)",74,26
"1982M09","50 Suicides (X60-X84, Y870)",82,13
"1982M10","50 Suicides (X60-X84, Y870)",73,32
"1982M11","50 Suicides (X60-X84, Y870)",85,29
"1982M12","50 Suicides (X60-X84, Y870)",62,10
"1983M01","50 Suicides (X60-X84, Y870)",77,13
"1983M02","50 Suicides (X60-X84, Y870)",59,16
"1983M03","50 Suicides (X60-X84, Y870)",82,21
"1983M04","50 Suicides (X60-X84, Y870)",83,27
"1983M05","50 Suicides (X60-X84, Y870)",100,21
"1983M06","50 Suicides (X60-X84, Y870)",63,20
"1983M07","50 Suicides (X60-X84, Y870)",93,21
"1983M08","50 Suicides (X60-X84, Y870)",94,24
"1983M09","50 Suicides (X60-X84, Y870)",81,20
"1983M10","50 Suicides (X60-X84, Y870)",78,23
"1983M11","50 Suicides (X60-X84, Y870)",67,15
"1983M12","50 Suicides (X60-X84, Y870)",59,26
"1984M01","50 Suicides (X60-X84, Y870)",68,22
"1984M02","50 Suicides (X60-X84, Y870)",60,10
"1984M03","50 Suicides (X60-X84, Y870)",80,18
"1984M04","50 Suicides (X60-X84, Y870)",90,21
"1984M05","50 Suicides (X60-X84, Y870)",111,23
"1984M06","50 Suicides (X60-X84, Y870)",80,22
"1984M07","50 Suicides (X60-X84, Y870)",78,26
"1984M08","50 Suicides (X60-X84, Y870)",87,28
"1984M09","50 Suicides (X60-X84, Y870)",76,23
"1984M10","50 Suicides (X60-X84, Y870)",93,26
"1984M11","50 Suicides (X60-X84, Y870)",86,22
"1984M12","50 Suicides (X60-X84, Y870)",70,11
"1985M01","50 Suicides (X60-X84, Y870)",66,21
"1985M02","50 Suicides (X60-X84, Y870)",60,16
"1985M03","50 Suicides (X60-X84, Y870)",75,21
"1985M04","50 Suicides (X60-X84, Y870)",75,27
"1985M05","50 Suicides (X60-X84, Y870)",82,23
"1985M06","50 Suicides (X60-X84, Y870)",87,21
"1985M07","50 Suicides (X60-X84, Y870)",87,32
"1985M08","50 Suicides (X60-X84, Y870)",99,17
"1985M09","50 Suicides (X60-X84, Y870)",85,14
"1985M10","50 Suicides (X60-X84, Y870)",80,27
"1985M11","50 Suicides (X60-X84, Y870)",89,11
"1985M12","50 Suicides (X60-X84, Y870)",76,19
"1986M01","50 Suicides (X60-X84, Y870)",93,19
"1986M02","50 Suicides (X60-X84, Y870)",61,24
"1986M03","50 Suicides (X60-X84, Y870)",76,16
"1986M04","50 Suicides (X60-X84, Y870)",78,21
"1986M05","50 Suicides (X60-X84, Y870)",83,30
"1986M06","50 Suicides (X60-X84, Y870)",102,22
"1986M07","50 Suicides (X60-X84, Y870)",99,20
"1986M08","50 Suicides (X60-X84, Y870)",80,21
"1986M09","50 Suicides (X60-X84, Y870)",94,28
"1986M10","50 Suicides (X60-X84, Y870)",91,33
"1986M11","50 Suicides (X60-X84, Y870)",98,27
"1986M12","50 Suicides (X60-X84, Y870)",68,26
"1987M01","50 Suicides (X60-X84, Y870)",71,14
"1987M02","50 Suicides (X60-X84, Y870)",68,21
"1987M03","50 Suicides (X60-X84, Y870)",81,27
"1987M04","50 Suicides (X60-X84, Y870)",99,25
"1987M05","50 Suicides (X60-X84, Y870)",109,31
"1987M06","50 Suicides (X60-X84, Y870)",85,25
"1987M07","50 Suicides (X60-X84, Y870)",107,29
"1987M08","50 Suicides (X60-X84, Y870)",95,32
"1987M09","50 Suicides (X60-X84, Y870)",93,17
"1987M10","50 Suicides (X60-X84, Y870)",96,35
"1987M11","50 Suicides (X60-X84, Y870)",86,25
"1987M12","50 Suicides (X60-X84, Y870)",76,19
"1988M01","50 Suicides (X60-X84, Y870)",90,32
"1988M02","50 Suicides (X60-X84, Y870)",81,28
"1988M03","50 Suicides (X60-X84, Y870)",72,30
"1988M04","50 Suicides (X60-X84, Y870)",85,22
"1988M05","50 Suicides (X60-X84, Y870)",119,22
"1988M06","50 Suicides (X60-X84, Y870)",88,30
"1988M07","50 Suicides (X60-X84, Y870)",127,24
"1988M08","50 Suicides (X60-X84, Y870)",91,33
"1988M09","50 Suicides (X60-X84, Y870)",80,17
"1988M10","50 Suicides (X60-X84, Y870)",100,26
"1988M11","50 Suicides (X60-X84, Y870)",90,9
"1988M12","50 Suicides (X60-X84, Y870)",87,23
"1989M01","50 Suicides (X60-X84, Y870)",102,20
"1989M02","50 Suicides (X60-X84, Y870)",63,18
"1989M03","50 Suicides (X60-X84, Y870)",97,35
"1989M04","50 Suicides (X60-X84, Y870)",91,22
"1989M05","50 Suicides (X60-X84, Y870)",93,34
"1989M06","50 Suicides (X60-X84, Y870)",96,23
"1989M07","50 Suicides (X60-X84, Y870)",98,26
"1989M08","50 Suicides (X60-X84, Y870)",82,20
"1989M09","50 Suicides (X60-X84, Y870)",90,26
"1989M10","50 Suicides (X60-X84, Y870)",95,21
"1989M11","50 Suicides (X60-X84, Y870)",117,26
"1989M12","50 Suicides (X60-X84, Y870)",95,24
"1990M01","50 Suicides (X60-X84, Y870)",94,33
"1990M02","50 Suicides (X60-X84, Y870)",74,18
"1990M03","50 Suicides (X60-X84, Y870)",93,34
"1990M04","50 Suicides (X60-X84, Y870)",81,20
"1990M05","50 Suicides (X60-X84, Y870)",98,38
"1990M06","50 Suicides (X60-X84, Y870)",117,20
"1990M07","50 Suicides (X60-X84, Y870)",120,31
"1990M08","50 Suicides (X60-X84, Y870)",112,24
"1990M09","50 Suicides (X60-X84, Y870)",99,20
"1990M10","50 Suicides (X60-X84, Y870)",102,30
"1990M11","50 Suicides (X60-X84, Y870)",103,32
"1990M12","50 Suicides (X60-X84, Y870)",105,22
"1991M01","50 Suicides (X60-X84, Y870)",73,27
"1991M02","50 Suicides (X60-X84, Y870)",80,22
"1991M03","50 Suicides (X60-X84, Y870)",99,12
"1991M04","50 Suicides (X60-X84, Y870)",106,26
"1991M05","50 Suicides (X60-X84, Y870)",105,29
"1991M06","50 Suicides (X60-X84, Y870)",126,26
"1991M07","50 Suicides (X60-X84, Y870)",100,18
"1991M08","50 Suicides (X60-X84, Y870)",96,24
"1991M09","50 Suicides (X60-X84, Y870)",118,30
"1991M10","50 Suicides (X60-X84, Y870)",92,33
"1991M11","50 Suicides (X60-X84, Y870)",114,38
"1991M12","50 Suicides (X60-X84, Y870)",80,19
"1992M01","50 Suicides (X60-X84, Y870)",92,21
"1992M02","50 Suicides (X60-X84, Y870)",98,18
"1992M03","50 Suicides (X60-X84, Y870)",109,24
"1992M04","50 Suicides (X60-X84, Y870)",109,17
"1992M05","50 Suicides (X60-X84, Y870)",112,20
"1992M06","50 Suicides (X60-X84, Y870)",99,38
"1992M07","50 Suicides (X60-X84, Y870)",91,24
"1992M08","50 Suicides (X60-X84, Y870)",102,30
"1992M09","50 Suicides (X60-X84, Y870)",96,32
"1992M10","50 Suicides (X60-X84, Y870)",77,29
"1992M11","50 Suicides (X60-X84, Y870)",79,15
"1992M12","50 Suicides (X60-X84, Y870)",92,28
"1993M01","50 Suicides (X60-X84, Y870)",100,13
"1993M02","50 Suicides (X60-X84, Y870)",87,23
"1993M03","50 Suicides (X60-X84, Y870)",80,23
"1993M04","50 Suicides (X60-X84, Y870)",100,24
"1993M05","50 Suicides (X60-X84, Y870)",102,30
"1993M06","50 Suicides (X60-X84, Y870)",119,27
"1993M07","50 Suicides (X60-X84, Y870)",101,30
"1993M08","50 Suicides (X60-X84, Y870)",76,20
"1993M09","50 Suicides (X60-X84, Y870)",84,19
"1993M10","50 Suicides (X60-X84, Y870)",90,33
"1993M11","50 Suicides (X60-X84, Y870)",80,22
"1993M12","50 Suicides (X60-X84, Y870)",88,27
"1994M01","50 Suicides (X60-X84, Y870)",82,20
"1994M02","50 Suicides (X60-X84, Y870)",85,19
"1994M03","50 Suicides (X60-X84, Y870)",73,25
"1994M04","50 Suicides (X60-X84, Y870)",100,29
"1994M05","50 Suicides (X60-X84, Y870)",99,33
"1994M06","50 Suicides (X60-X84, Y870)",100,35
"1994M07","50 Suicides (X60-X84, Y870)",103,30
"1994M08","50 Suicides (X60-X84, Y870)",104,29
"1994M09","50 Suicides (X60-X84, Y870)",81,24
"1994M10","50 Suicides (X60-X84, Y870)",95,24
"1994M11","50 Suicides (X60-X84, Y870)",76,24
"1994M12","50 Suicides (X60-X84, Y870)",82,15
"1995M01","50 Suicides (X60-X84, Y870)",115,31
"1995M02","50 Suicides (X60-X84, Y870)",77,14
"1995M03","50 Suicides (X60-X84, Y870)",84,18
"1995M04","50 Suicides (X60-X84, Y870)",97,21
"1995M05","50 Suicides (X60-X84, Y870)",123,25
"1995M06","50 Suicides (X60-X84, Y870)",105,27
"1995M07","50 Suicides (X60-X84, Y870)",78,33
"1995M08","50 Suicides (X60-X84, Y870)",90,26
"1995M09","50 Suicides (X60-X84, Y870)",84,31
"1995M10","50 Suicides (X60-X84, Y870)",94,39
"1995M11","50 Suicides (X60-X84, Y870)",70,21
"1995M12","50 Suicides (X60-X84, Y870)",63,23
"1996M01","50 Suicides (X60-X84, Y870)",68,20
"1996M02","50 Suicides (X60-X84, Y870)",73,20
"1996M03","50 Suicides (X60-X84, Y870)",87,27
"1996M04","50 Suicides (X60-X84, Y870)",83,28
"1996M05","50 Suicides (X60-X84, Y870)",79,32
"1996M06","50 Suicides (X60-X84, Y870)",84,20
"1996M07","50 Suicides (X60-X84, Y870)",91,15
"1996M08","50 Suicides (X60-X84, Y870)",79,25
"1996M09","50 Suicides (X60-X84, Y870)",65,26
"1996M10","50 Suicides (X60-X84, Y870)",87,24
"1996M11","50 Suicides (X60-X84, Y870)",85,26
"1996M12","50 Suicides (X60-X84, Y870)",84,19
"1997M01","50 Suicides (X60-X84, Y870)",92,24
"1997M02","50 Suicides (X60-X84, Y870)",79,23
"1997M03","50 Suicides (X60-X84, Y870)",79,25
"1997M04","50 Suicides (X60-X84, Y870)",91,19
"1997M05","50 Suicides (X60-X84, Y870)",109,26
"1997M06","50 Suicides (X60-X84, Y870)",98,26
"1997M07","50 Suicides (X60-X84, Y870)",82,18
"1997M08","50 Suicides (X60-X84, Y870)",88,22
"1997M09","50 Suicides (X60-X84, Y870)",80,23
"1997M10","50 Suicides (X60-X84, Y870)",97,27
"1997M11","50 Suicides (X60-X84, Y870)",81,27
"1997M12","50 Suicides (X60-X84, Y870)",62,24
"1998M01","50 Suicides (X60-X84, Y870)",78,15
"1998M02","50 Suicides (X60-X84, Y870)",72,13
"1998M03","50 Suicides (X60-X84, Y870)",84,26
"1998M04","50 Suicides (X60-X84, Y870)",83,32
"1998M05","50 Suicides (X60-X84, Y870)",92,26
"1998M06","50 Suicides (X60-X84, Y870)",82,18
"1998M07","50 Suicides (X60-X84, Y870)",71,28
"1998M08","50 Suicides (X60-X84, Y870)",80,23
"1998M09","50 Suicides (X60-X84, Y870)",83,18
"1998M10","50 Suicides (X60-X84, Y870)",101,23
"1998M11","50 Suicides (X60-X84, Y870)",67,22
"1998M12","50 Suicides (X60-X84, Y870)",69,22
"1999M01","50 Suicides (X60-X84, Y870)",81,18
"1999M02","50 Suicides (X60-X84, Y870)",76,19
"1999M03","50 Suicides (X60-X84, Y870)",76,29
"1999M04","50 Suicides (X60-X84, Y870)",85,24
"1999M05","50 Suicides (X60-X84, Y870)",101,17
"1999M06","50 Suicides (X60-X84, Y870)",81,22
"1999M07","50 Suicides (X60-X84, Y870)",91,23
"1999M08","50 Suicides (X60-X84, Y870)",71,22
"1999M09","50 Suicides (X60-X84, Y870)",83,23
"1999M10","50 Suicides (X60-X84, Y870)",69,20
"1999M11","50 Suicides (X60-X84, Y870)",62,16
"1999M12","50 Suicides (X60-X84, Y870)",78,20
"2000M01","50 Suicides (X60-X84, Y870)",78,21
"2000M02","50 Suicides (X60-X84, Y870)",72,15
"2000M03","50 Suicides (X60-X84, Y870)",69,20
"2000M04","50 Suicides (X60-X84, Y870)",65,27
"2000M05","50 Suicides (X60-X84, Y870)",80,27
"2000M06","50 Suicides (X60-X84, Y870)",81,34
"2000M07","50 Suicides (X60-X84, Y870)",80,19
"2000M08","50 Suicides (X60-X84, Y870)",58,29
"2000M09","50 Suicides (X60-X84, Y870)",80,20
"2000M10","50 Suicides (X60-X84, Y870)",75,33
"2000M11","50 Suicides (X60-X84, Y870)",60,18
"2000M12","50 Suicides (X60-X84, Y870)",75,29
"2001M01","50 Suicides (X60-X84, Y870)",67,22
"2001M02","50 Suicides (X60-X84, Y870)",55,21
"2001M03","50 Suicides (X60-X84, Y870)",85,16
"2001M04","50 Suicides (X60-X84, Y870)",84,29
"2001M05","50 Suicides (X60-X84, Y870)",92,25
"2001M06","50 Suicides (X60-X84, Y870)",86,27
"2001M07","50 Suicides (X60-X84, Y870)",94,20
"2001M08","50 Suicides (X60-X84, Y870)",75,20
"2001M09","50 Suicides (X60-X84, Y870)",74,30
"2001M10","50 Suicides (X60-X84, Y870)",73,22
"2001M11","50 Suicides (X60-X84, Y870)",79,20
"2001M12","50 Suicides (X60-X84, Y870)",69,19
"2002M01","50 Suicides (X60-X84, Y870)",61,27
"2002M02","50 Suicides (X60-X84, Y870)",54,25
"2002M03","50 Suicides (X60-X84, Y870)",59,20
"2002M04","50 Suicides (X60-X84, Y870)",61,19
"2002M05","50 Suicides (X60-X84, Y870)",84,31
"2002M06","50 Suicides (X60-X84, Y870)",66,30
"2002M07","50 Suicides (X60-X84, Y870)",81,24
"2002M08","50 Suicides (X60-X84, Y870)",69,20
"2002M09","50 Suicides (X60-X84, Y870)",62,26
"2002M10","50 Suicides (X60-X84, Y870)",78,20
"2002M11","50 Suicides (X60-X84, Y870)",71,14
"2002M12","50 Suicides (X60-X84, Y870)",78,15
"2003M01","50 Suicides (X60-X84, Y870)",59,18
"2003M02","50 Suicides (X60-X84, Y870)",54,20
"2003M03","50 Suicides (X60-X84, Y870)",81,17
"2003M04","50 Suicides (X60-X84, Y870)",72,22
"2003M05","50 Suicides (X60-X84, Y870)",103,30
"2003M06","50 Suicides (X60-X84, Y870)",69,26
"2003M07","50 Suicides (X60-X84, Y870)",65,28
"2003M08","50 Suicides (X60-X84, Y870)",58,12
"2003M09","50 Suicides (X60-X84, Y870)",59,24
"2003M10","50 Suicides (X60-X84, Y870)",76,18
"2003M11","50 Suicides (X60-X84, Y870)",64,26
"2003M12","50 Suicides (X60-X84, Y870)",55,19
"2004M01","50 Suicides (X60-X84, Y870)",77,22
"2004M02","50 Suicides (X60-X84, Y870)",55,19
"2004M03","50 Suicides (X60-X84, Y870)",67,19
"2004M04","50 Suicides (X60-X84, Y870)",78,19
"2004M05","50 Suicides (X60-X84, Y870)",62,21
"2004M06","50 Suicides (X60-X84, Y870)",72,29
"2004M07","50 Suicides (X60-X84, Y870)",78,22
"2004M08","50 Suicides (X60-X84, Y870)",57,18
"2004M09","50 Suicides (X60-X84, Y870)",67,18
"2004M10","50 Suicides (X60-X84, Y870)",61,20
"2004M11","50 Suicides (X60-X84, Y870)",65,21
"2004M12","50 Suicides (X60-X84, Y870)",73,24
"2005M01","50 Suicides (X60-X84, Y870)",54,18
"2005M02","50 Suicides (X60-X84, Y870)",52,27
"2005M03","50 Suicides (X60-X84, Y870)",56,21
"2005M04","50 Suicides (X60-X84, Y870)",43,17
"2005M05","50 Suicides (X60-X84, Y870)",68,25
"2005M06","50 Suicides (X60-X84, Y870)",76,22
"2005M07","50 Suicides (X60-X84, Y870)",72,22
"2005M08","50 Suicides (X60-X84, Y870)",62,25
"2005M09","50 Suicides (X60-X84, Y870)",58,17
"2005M10","50 Suicides (X60-X84, Y870)",52,26
"2005M11","50 Suicides (X60-X84, Y870)",67,22
"2005M12","50 Suicides (X60-X84, Y870)",64,28
"2006M01","50 Suicides (X60-X84, Y870)",64,18
"2006M02","50 Suicides (X60-X84, Y870)",42,17
"2006M03","50 Suicides (X60-X84, Y870)",47,21
"2006M04","50 Suicides (X60-X84, Y870)",65,29
"2006M05","50 Suicides (X60-X84, Y870)",84,31
"2006M06","50 Suicides (X60-X84, Y870)",75,29
"2006M07","50 Suicides (X60-X84, Y870)",74,22
"2006M08","50 Suicides (X60-X84, Y870)",77,15
"2006M09","50 Suicides (X60-X84, Y870)",84,15
"2006M10","50 Suicides (X60-X84, Y870)",58,23
"2006M11","50 Suicides (X60-X84, Y870)",56,17
"2006M12","50 Suicides (X60-X84, Y870)",77,22
"2007M01","50 Suicides (X60-X84, Y870)",54,24
"2007M02","50 Suicides (X60-X84, Y870)",53,22
"2007M03","50 Suicides (X60-X84, Y870)",61,14
"2007M04","50 Suicides (X60-X84, Y870)",61,18
"2007M05","50 Suicides (X60-X84, Y870)",74,16
"2007M06","50 Suicides (X60-X84, Y870)",60,22
"2007M07","50 Suicides (X60-X84, Y870)",75,21
"2007M08","50 Suicides (X60-X84, Y870)",77,23
"2007M09","50 Suicides (X60-X84, Y870)",59,16
"2007M10","50 Suicides (X60-X84, Y870)",60,12
"2007M11","50 Suicides (X60-X84, Y870)",65,35
"2007M12","50 Suicides (X60-X84, Y870)",52,21
"2008M01","50 Suicides (X60-X84, Y870)",67,12
"2008M02","50 Suicides (X60-X84, Y870)",54,19
"2008M03","50 Suicides (X60-X84, Y870)",64,21
"2008M04","50 Suicides (X60-X84, Y870)",68,21
"2008M05","50 Suicides (X60-X84, Y870)",89,18
"2008M06","50 Suicides (X60-X84, Y870)",72,20
"2008M07","50 Suicides (X60-X84, Y870)",63,24
"2008M08","50 Suicides (X60-X84, Y870)",62,22
"2008M09","50 Suicides (X60-X84, Y870)",73,16
"2008M10","50 Suicides (X60-X84, Y870)",75,22
"2008M11","50 Suicides (X60-X84, Y870)",58,21
"2008M12","50 Suicides (X60-X84, Y870)",56,16
"2009M01","50 Suicides (X60-X84, Y870)",65,16
"2009M02","50 Suicides (X60-X84, Y870)",50,21
"2009M03","50 Suicides (X60-X84, Y870)",60,20
"2009M04","50 Suicides (X60-X84, Y870)",57,28
"2009M05","50 Suicides (X60-X84, Y870)",73,32
"2009M06","50 Suicides (X60-X84, Y870)",91,19
"2009M07","50 Suicides (X60-X84, Y870)",74,30
"2009M08","50 Suicides (X60-X84, Y870)",67,22
"2009M09","50 Suicides (X60-X84, Y870)",44,13
"2009M10","50 Suicides (X60-X84, Y870)",62,27
"2009M11","50 Suicides (X60-X84, Y870)",54,22
"2009M12","50 Suicides (X60-X84, Y870)",64,23
"2010M01","50 Suicides (X60-X84, Y870)",64,16
"2010M02","50 Suicides (X60-X84, Y870)",51,13
"2010M03","50 Suicides (X60-X84, Y870)",63,26
"2010M04","50 Suicides (X60-X84, Y870)",61,23
"2010M05","50 Suicides (X60-X84, Y870)",89,26
"2010M06","50 Suicides (X60-X84, Y870)",62,18
"2010M07","50 Suicides (X60-X84, Y870)",53,19
"2010M08","50 Suicides (X60-X84, Y870)",58,26
"2010M09","50 Suicides (X60-X84, Y870)",61,17
"2010M10","50 Suicides (X60-X84, Y870)",50,16
"2010M11","50 Suicides (X60-X84, Y870)",55,18
"2010M12","50 Suicides (X60-X84, Y870)",51,18
"2011M01","50 Suicides (X60-X84, Y870)",43,13
"2011M02","50 Suicides (X60-X84, Y870)",50,16
"2011M03","50 Suicides (X60-X84, Y870)",49,14
"2011M04","50 Suicides (X60-X84, Y870)",52,22
"2011M05","50 Suicides (X60-X84, Y870)",59,15
"2011M06","50 Suicides (X60-X84, Y870)",77,21
"2011M07","50 Suicides (X60-X84, Y870)",57,16
"2011M08","50 Suicides (X60-X84, Y870)",90,14
"2011M09","50 Suicides (X60-X84, Y870)",65,11
"2011M10","50 Suicides (X60-X84, Y870)",63,22
"2011M11","50 Suicides (X60-X84, Y870)",48,20
"2011M12","50 Suicides (X60-X84, Y870)",57,18
"2012M01","50 Suicides (X60-X84, Y870)",52,12
"2012M02","50 Suicides (X60-X84, Y870)",55,17
"2012M03","50 Suicides (X60-X84, Y870)",47,17
"2012M04","50 Suicides (X60-X84, Y870)",40,17
"2012M05","50 Suicides (X60-X84, Y870)",60,17
"2012M06","50 Suicides (X60-X84, Y870)",50,29
"2012M07","50 Suicides (X60-X84, Y870)",59,24
"2012M08","50 Suicides (X60-X84, Y870)",59,16
"2012M09","50 Suicides (X60-X84, Y870)",63,23
"2012M10","50 Suicides (X60-X84, Y870)",61,16
"2012M11","50 Suicides (X60-X84, Y870)",53,17
"2012M12","50 Suicides (X60-X84, Y870)",56,13
"2013M01","50 Suicides (X60-X84, Y870)",63,16
"2013M02","50 Suicides (X60-X84, Y870)",40,11
"2013M03","50 Suicides (X60-X84, Y870)",72,21
"2013M04","50 Suicides (X60-X84, Y870)",51,23
"2013M05","50 Suicides (X60-X84, Y870)",52,18
"2013M06","50 Suicides (X60-X84, Y870)",65,18
"2013M07","50 Suicides (X60-X84, Y870)",60,26
"2013M08","50 Suicides (X60-X84, Y870)",58,19
"2013M09","50 Suicides (X60-X84, Y870)",61,18
"2013M10","50 Suicides (X60-X84, Y870)",50,20
"2013M11","50 Suicides (X60-X84, Y870)",39,14
"2013M12","50 Suicides (X60-X84, Y870)",55,17
"2014M01","50 Suicides (X60-X84, Y870)",47,16
"2014M02","50 Suicides (X60-X84, Y870)",44,18
"2014M03","50 Suicides (X60-X84, Y870)",50,11
"2014M04","50 Suicides (X60-X84, Y870)",47,24
"2014M05","50 Suicides (X60-X84, Y870)",52,11
"2014M06","50 Suicides (X60-X84, Y870)",61,9
"2014M07","50 Suicides (X60-X84, Y870)",54,24
"2014M08","50 Suicides (X60-X84, Y870)",58,11
"2014M09","50 Suicides (X60-X84, Y870)",55,19
"2014M10","50 Suicides (X60-X84, Y870)",51,16
"2014M11","50 Suicides (X60-X84, Y870)",42,21
"2014M12","50 Suicides (X60-X84, Y870)",38,10
"2015M01","50 Suicides (X60-X84, Y870)",46,15
"2015M02","50 Suicides (X60-X84, Y870)",40,6
"2015M03","50 Suicides (X60-X84, Y870)",36,16
"2015M04","50 Suicides (X60-X84, Y870)",59,25
"2015M05","50 Suicides (X60-X84, Y870)",53,18
"2015M06","50 Suicides (X60-X84, Y870)",47,8
"2015M07","50 Suicides (X60-X84, Y870)",53,13
"2015M08","50 Suicides (X60-X84, Y870)",48,13
"2015M09","50 Suicides (X60-X84, Y870)",44,16
"2015M10","50 Suicides (X60-X84, Y870)",40,9
"2015M11","50 Suicides (X60-X84, Y870)",50,15
"2015M12","50 Suicides (X60-X84, Y870)",42,19
"2016M01","50 Suicides (X60-X84, Y870)",46,12
"2016M02","50 Suicides (X60-X84, Y870)",52,18
"2016M03","50 Suicides (X60-X84, Y870)",47,16
"2016M04","50 Suicides (X60-X84, Y870)",53,22
"2016M05","50 Suicides (X60-X84, Y870)",58,8
"2016M06","50 Suicides (X60-X84, Y870)",54,13
"2016M07","50 Suicides (X60-X84, Y870)",55,11
"2016M08","50 Suicides (X60-X84, Y870)",57,12
"2016M09","50 Suicides (X60-X84, Y870)",56,12
"2016M10","50 Suicides (X60-X84, Y870)",47,17
"2016M11","50 Suicides (X60-X84, Y870)",52,13
"2016M12","50 Suicides (X60-X84, Y870)",38,18
"2017M01","50 Suicides (X60-X84, Y870)",62,19
"2017M02","50 Suicides (X60-X84, Y870)",39,11
"2017M03","50 Suicides (X60-X84, Y870)",50,19
"2017M04","50 Suicides (X60-X84, Y870)",56,15
"2017M05","50 Suicides (X60-X84, Y870)",60,20
"2017M06","50 Suicides (X60-X84, Y870)",56,17
"2017M07","50 Suicides (X60-X84, Y870)",55,22
"2017M08","50 Suicides (X60-X84, Y870)",54,17
"2017M09","50 Suicides (X60-X84, Y870)",37,19
"2017M10","50 Suicides (X60-X84, Y870)",54,20
"2017M11","50 Suicides (X60-X84, Y870)",46,20
"2017M12","50 Suicides (X60-X84, Y870)",42,14
"2018M01","50 Suicides (X60-X84, Y870)",44,13
"2018M02","50 Suicides (X60-X84, Y870)",48,25
"2018M03","50 Suicides (X60-X84, Y870)",51,12
"2018M04","50 Suicides (X60-X84, Y870)",49,13
"2018M05","50 Suicides (X60-X84, Y870)",47,16
"2018M06","50 Suicides (X60-X84, Y870)",49,18
"2018M07","50 Suicides (X60-X84, Y870)",58,15
"2018M08","50 Suicides (X60-X84, Y870)",57,20
"2018M09","50 Suicides (X60-X84, Y870)",55,17
"2018M10","50 Suicides (X60-X84, Y870)",59,14
"2018M11","50 Suicides (X60-X84, Y870)",43,16
"2018M12","50 Suicides (X60-X84, Y870)",58,13
"2019M01","50 Suicides (X60-X84, Y870)",55,8
"2019M02","50 Suicides (X60-X84, Y870)",41,13
"2019M03","50 Suicides (X60-X84, Y870)",38,23
"2019M04","50 Suicides (X60-X84, Y870)",52,10
"2019M05","50 Suicides (X60-X84, Y870)",46,13
"2019M06","50 Suicides (X60-X84, Y870)",56,16
"2019M07","50 Suicides (X60-X84, Y870)",38,18
"2019M08","50 Suicides (X60-X84, Y870)",44,13
"2019M09","50 Suicides (X60-X84, Y870)",50,24
"2019M10","50 Suicides (X60-X84, Y870)",56,12
"2019M11","50 Suicides (X60-X84, Y870)",41,19
"2019M12","50 Suicides (X60-X84, Y870)",50,10
"2020M01","50 Suicides (X60-X84, Y870)",30,16
"2020M02","50 Suicides (X60-X84, Y870)",45,17
"2020M03","50 Suicides (X60-X84, Y870)",52,15
"2020M04","50 Suicides (X60-X84, Y870)",43,15
"2020M05","50 Suicides (X60-X84, Y870)",44,12
"2020M06","50 Suicides (X60-X84, Y870)",56,14
"2020M07","50 Suicides (X60-X84, Y870)",56,19
"2020M08","50 Suicides (X60-X84, Y870)",31,18
"2020M09","50 Suicides (X60-X84, Y870)",45,21
"2020M10","50 Suicides (X60-X84, Y870)",38,16
"2020M11","50 Suicides (X60-X84, Y870)",40,10
"2020M12","50 Suicides (X60-X84, Y870)",49,15
